<?xml version="1.0" encoding="UTF-8"?>
<module>
  <meta>
    <versionid>20180606090443</versionid>
    <priority>0</priority>
    <server>http://demo.oppia-mobile.org/</server>
    <sequencing>none</sequencing>
    <tags>demo,test</tags>
    <exportversion>2018051800</exportversion>
    <title lang="en"><![CDATA[Demo for Ben]]></title>
    <shortname>demoben</shortname>
    <description lang="en"><![CDATA[ANC HEAT Module Part 1, full content, designed for use in Ethiopia]]></description>
    <page id="37741">
      <title lang="en"><![CDATA[About/License]]></title>
      <image filename="/images/37741.png"/>
      <location lang="en">00_37741_en.html</location>
    </page>
    <image filename="/images/39751.png"/>
    <langs>
      <lang>en</lang>
    </langs>
    <gamification>
      <event name="quiz_first_attempt">20</event>
      <event name="quiz_attempt">10</event>
      <event name="quiz_first_attempt_threshold">100</event>
      <event name="quiz_first_attempt_bonus">50</event>
      <event name="activity_completed">10</event>
      <event name="media_started">20</event>
      <event name="media_playing_interval">30</event>
      <event name="media_playing_points_per_interval">5</event>
      <event name="media_max_points">200</event>
      <event name="course_downloaded">50</event>
    </gamification>
  </meta>
  <structure>
    <section order="1">
      <title lang="en"><![CDATA[Planning Antenatal Care]]></title>
      <activities>
        <activity type="page" order="1" digest="11cc12291f730160c324b727dd2268b637743">
          <title lang="en"><![CDATA[Introduction]]></title>
          <location lang="en">01_37743_en.html</location>
        </activity>
        <activity type="page" order="2" digest="c771dc603364b01e4f08142e242de28237744">
          <title lang="en"><![CDATA[Learning Outcomes]]></title>
          <image filename="/images/37744.png"/>
          <location lang="en">01_37744_en.html</location>
        </activity>
        <activity type="page" order="3" digest="e7525f4d04ae64feb3fad714b0e6bf5f37757">
          <title lang="en"><![CDATA[Video: Why did Mrs X die?]]></title>
          <media>
            <file filename="who-why-did-mrs-x-die-20140220.m4v" download_url="http://downloads.digital-campus.org/media/anc/who-why-did-mrs-x-die-20140220.m4v" digest="45ad219ead30b9a1818176598f8bbbf9" filesize="24781151" length="409"/>
          </media>
          <image filename="/images/37757.png"/>
          <location lang="en">01_37757_en.html</location>
        </activity>
        <activity type="page" order="4" digest="b4017da6a5abdcc91c97eccb0182c05137758">
          <title lang="en"><![CDATA[Summary ]]></title>
          <image filename="/images/37758.png"/>
          <location lang="en">01_37758_en.html</location>
        </activity>
        <activity type="quiz" order="5" digest="730c990f9855ae5ec8234049293e4b1937759cr0s2a1p80a0m0">
          <title lang="en"><![CDATA[Quiz]]></title>
          <content lang="en"><![CDATA[{"id":470,"title":{"en":"Quiz"},"description":{"en":"Planning Antenatal Care"},"props":{"digest":"730c990f9855ae5ec8234049293e4b1937759cr0s2a1p80a0m0","courseversion":"20180606090443","showfeedback":2,"allowtryagain":1,"passthreshold":80,"availability":0,"maxattempts":0,"maxscore":10},"questions":[{"order":1,"id":259,"question":{"id":823,"type":"multichoice","title":{"en":"According to the Focused Antenatal Care (FANC) approach, when should a pregnant woman first come for a visit?"},"props":{"maxscore":1,"shuffleanswers":"1"},"responses":[{"order":1,"id":484,"props":{"id":252,"feedback":{"en":"Incorrect. The third visit during pregnancy should be at 32 weeks."}},"title":{"en":"At 32 weeks"},"score":"0.0000"},{"order":2,"id":802,"props":{"id":680,"feedback":{"en":"Correct! According to the focused antenatal care (FANC) approach, the first visit during pregnancy must be after 16 weeks."}},"title":{"en":"At 16 weeks"},"score":"1.0000"},{"order":3,"id":846,"props":{"id":184,"feedback":{"en":"Incorrect. The fourth visit of pregnancy should be after 36 weeks"}},"title":{"en":"At 36 weeks"},"score":"0.0000"}]}},{"order":2,"id":544,"question":{"id":20,"type":"multichoice","title":{"en":"What is the leading cause of maternal death?"},"props":{"maxscore":1,"shuffleanswers":"1"},"responses":[{"order":1,"id":482,"props":{"id":623,"feedback":{"en":"Incorrect. Unsafe abortion is one of the causes of maternal death but not the leading one."}},"title":{"en":"Unsafe abortion"},"score":"0.0000"},{"order":2,"id":828,"props":{"id":832,"feedback":{"en":"Incorrect. High blood pressure is one of the causes of maternal death but not the leading one."}},"title":{"en":"High blood pressure"},"score":"0.0000"},{"order":3,"id":236,"props":{"id":41,"feedback":{"en":"Correct! The leading cause of maternal death is haemorrhage or bleeding after childbirth"}},"title":{"en":"Haemorrhage or bleeding after childbirth"},"score":"1.0000"}]}},{"order":3,"id":648,"question":{"id":382,"type":"numerical","title":{"en":"In Region X in 2002, there were 10 maternal deaths and 10,000 live births. What was the maternal mortality ratio in Region X per 100,000 live births in that year?"},"props":{"maxscore":1},"responses":[{"order":1,"id":237,"props":{"id":720,"feedback":{"en":"Correct! The MMR for this region in 2002 is 100"},"tolerance":"0"},"title":{"en":"100"},"score":"1.0000"}]}},{"order":4,"id":321,"question":{"id":815,"type":"numerical","title":{"en":"Assume that there were 480 maternal deaths, 960 neonatal deaths and 60,000 live births in Region Y in the year 2005. Calculate the neonatal mortality rate in this region in that year."},"props":{"maxscore":1},"responses":[{"order":1,"id":490,"props":{"id":495,"feedback":{"en":"Correct! There were 16 neonatal deaths per 1000 live births"},"tolerance":"0"},"title":{"en":"16"},"score":"1.0000"}]}},{"order":5,"id":360,"question":{"id":830,"type":"multichoice","title":{"en":"What are the main causes of newborn death or neonatal mortality?"},"props":{"maxscore":1,"shuffleanswers":"1"},"responses":[{"order":1,"id":454,"props":{"id":716,"feedback":{"en":"Incorrect. These are some of the causes of neonatal mortality but not the main causes."}},"title":{"en":"HIV\/AIDS and preterm birth"},"score":"0.0000"},{"order":2,"id":702,"props":{"id":882,"feedback":{"en":"Correct! The main causes of neonatal mortality are Infection, asphyxia, and preterm birth"}},"title":{"en":"Infection, asphyxia, and preterm birth"},"score":"1.0000"},{"order":3,"id":257,"props":{"id":109,"feedback":{"en":"Incorrect. These are some of the causes of neonatal mortality but not the main causes."}},"title":{"en":"Diarrhea, Pneumonia, and Tetanus"},"score":"0.0000"}]}},{"order":6,"id":924,"question":{"id":161,"type":"numerical","title":{"en":"The total number of people in your catchment area is 2,750. Calculate the total number of focused antenatal care (FANC) checkups you need to make in one year."},"props":{"maxscore":1},"responses":[{"order":1,"id":510,"props":{"id":741,"feedback":{"en":"The total number of pregnant women is calculated as 4% of the population, which is 110 in a community of 2,750 people (2,750 x 4\/100 = 110)\nIf every pregnant woman receives 4 FANC visits, a total number of 440 visits will be needed in one year (110x4)\n\u00a0"},"tolerance":"0"},"title":{"en":"440"},"score":"1.0000"}]}},{"order":7,"id":969,"question":{"id":50,"type":"multiselect","title":{"en":"Many neonatal deaths can be prevented by which 3 interventions:"},"props":{"maxscore":1,"shuffleanswers":"1"},"responses":[{"order":1,"id":984,"props":{"id":356,"feedback":{"en":"Correct! Improving the mother's health and nutrition and ensuring timely antenatal visits is critical to health and survival of both the mothers and their newborn"}},"title":{"en":"Improving maternal health and nutrition during pregnancy"},"score":"0.3333"},{"order":2,"id":978,"props":{"id":183,"feedback":{"en":"Incorrect! Breastmilk is by far the best food for a baby as soon as he is born.\u00a0"}},"title":{"en":"Giving the newborn baby nutritious foods\u00a0"},"score":"0.0000"},{"order":3,"id":15,"props":{"id":466,"feedback":{"en":"Correct! Clean and safe delivery will prevent infections of both the mother and the baby. Should complications arise, referring the mother to the nearest health facility will save both her and the baby.\u00a0"}},"title":{"en":"Ensuring clean and safe delivery"},"score":"0.3333"},{"order":4,"id":506,"props":{"id":806,"feedback":{"en":"Incorrect. A massage may be beneficial for the baby later but it certainly will not prevent newborn death.\u00a0"}},"title":{"en":"Gently massaging the baby\u00a0"},"score":"0.0000"},{"order":5,"id":825,"props":{"id":250,"feedback":{"en":"Correct! Immediate postnatal care will promote breastfeeding and clean cord care - as well as preventing neonatal infections such as pneumonia, diarrhoea, malaria.\u00a0"}},"title":{"en":"Providing immediate postnatal care after delivery"},"score":"0.3333"}]}},{"order":8,"id":994,"question":{"id":337,"type":"multiselect","title":{"en":"Many maternal deaths can be prevented by referring the mother in a timely manner to quality obstetric care services in a hospital or health facility.\nWhat 3 services can obstetric care provide that can save her life? \u00a0"},"props":{"maxscore":1,"shuffleanswers":"1"},"responses":[{"order":1,"id":431,"props":{"id":61,"feedback":{"en":"Correct. Lifesaving drugs can help the mother if she has severe bleeding (postpartum haemorrhage), high blood pressure (pre-eclampsia and eclampsia) and maternal infection (sepsis)."}},"title":{"en":"Lifesaving drugs"},"score":"0.3333"},{"order":2,"id":556,"props":{"id":617,"feedback":{"en":"Incorrect. \u00a0Promoting healthy and adequate nutrition for the mother is important but is not the primary function of obstetric care services at the hospital or health facility."}},"title":{"en":"Promote healthy nutrition\u00a0"},"score":"0.0000"},{"order":3,"id":431,"props":{"id":921,"feedback":{"en":"Correct. Cesarean sections can be lifesaving if there are complications during labour."}},"title":{"en":"Perform Cesarean sections\u00a0"},"score":"0.3333"},{"order":4,"id":636,"props":{"id":877,"feedback":{"en":"Correct. Antibiotics can treat sepsis or other severe infections (e.g. Pneumonia)"}},"title":{"en":"Antibiotics and transfusions"},"score":"0.3333"},{"order":5,"id":758,"props":{"id":885,"feedback":{"en":"Incorrect. Try again"}},"title":{"en":"All of the above"},"score":"0.0000"}]}},{"order":9,"id":514,"question":{"id":677,"type":"multichoice","title":{"en":"A child born in a least developed country is almost 14 times more likely to die during the first 28 days of life than one born in an industrialised country"},"props":{"maxscore":1},"responses":[{"order":1,"id":167,"props":{"id":15,"feedback":{"en":"Correct! It is true according the the UNICEF report on the State of the World's Children Report 2009 (http:\/\/www.unicef.org\/sowc09\/index.php)\u00a0"}},"title":{"en":"True"},"score":"1.0000"},{"order":2,"id":755,"props":{"id":353,"feedback":{"en":"Incorrect. It is true\u00a0according the the UNICEF report on the State of the World's Children Report 2009 (http:\/\/www.unicef.org\/sowc09\/index.php)\u00a0"}},"title":{"en":"False"},"score":"0.0000"}]}},{"order":10,"id":815,"question":{"id":876,"type":"multichoice","title":{"en":"Why is it important for Community Health Workers to identify and assist all pregnant women in the community?"},"props":{"maxscore":1,"shuffleanswers":"1"},"responses":[{"order":1,"id":32,"props":{"id":679,"feedback":{"en":"Incorrect.\u00a0"}},"title":{"en":"Because she could save 1000's of lives"},"score":"0.0000"},{"order":2,"id":862,"props":{"id":498,"feedback":{"en":"Correct!"}},"title":{"en":"Because all mothers and newborns are vulnerable and need care"},"score":"1.0000"},{"order":3,"id":964,"props":{"id":10,"feedback":{"en":"Incorrect. Try again"}},"title":{"en":"So she can find a better job in another city or country"},"score":"0.0000"}]}}]}]]></content>
          <image filename="/images/37759.png"/>
        </activity>
        <activity type="resource" order="6" digest="d4a780a507a5a5246b187b42ad9f3c8739960">
          <title lang="en"><![CDATA[Example pdf file]]></title>
          <location lang="en" type="application/pdf">/resources/Demo pdf doc.pdf</location>
        </activity>
      </activities>
    </section>
  </structure>
  <media>
    <file filename="who-why-did-mrs-x-die-20140220.m4v" download_url="http://downloads.digital-campus.org/media/anc/who-why-did-mrs-x-die-20140220.m4v" digest="45ad219ead30b9a1818176598f8bbbf9" filesize="24781151" length="409"/>
  </media>
</module>
